<document page-count="1">
<page number="1">
<table data-filename="file.pdf" data-page="1" data-table="1"><tr><td colspan="28">MDB Page 1</td></tr><tr><td colspan="28">SUMMARY SHEET</td></tr><tr><td></td><td></td><td></td><td></td><td></td><td></td><td></td><td></td><td></td><td></td><td></td><td></td><td></td><td colspan="3">MDB-V</td><td></td><td></td><td></td><td></td><td></td><td></td><td></td><td></td><td></td><td></td><td></td><td></td></tr><tr><td colspan="5">PLANNED COMPLETION DATE:-</td><td></td><td>MAR.</td><td style="text-align: right" colspan="2">2017</td><td></td><td colspan="2">DETAILS</td><td>OF</td><td>CONNECTED</td><td>LOAD</td><td>/MAX</td><td>DEMAND</td><td></td><td>LOCATION</td><td>OF</td><td>MDB</td><td>:</td><td>BOUNDRY</td><td colspan="3">WALL (INSIDE</td><td colspan="2">PLOT)</td></tr><tr><td colspan="2">PROJECT:-</td><td>VILLA</td><td colspan="2">GROUND</td><td colspan="2">ONLY</td><td></td><td></td><td>OWNER:-</td><td></td><td style="text-align: right">.</td><td></td><td></td><td></td><td></td><td></td><td></td><td>AREA</td><td>:-</td><td></td><td></td><td>AL</td><td colspan="2">KHWANEEJ 2</td><td></td><td></td><td></td></tr><tr><td colspan="2">FED FROM:-</td><td></td><td></td><td colspan="3">KWHM</td><td></td><td></td><td colspan="2">CONSULTANT:-</td><td></td><td></td><td></td><td></td><td></td><td></td><td></td><td>PLOT</td><td>:-</td><td></td><td></td><td></td><td></td><td></td><td></td><td></td><td></td></tr><tr><td colspan="2">CIRCUIT/</td><td></td><td colspan="2">CIRCUIT</td><td colspan="2">PROTECTION</td><td colspan="2">FAULT</td><td>CABLE</td><td>TYPE</td><td>CABLE</td><td>SIZE</td><td>ECC</td><td></td><td colspan="2">CONNECTED</td><td>LOAD</td><td></td><td></td><td></td><td></td><td></td><td></td><td>kWHr</td><td colspan="2">METER</td><td></td></tr><tr><td colspan="2">FEEDER/<br/>DB No.</td><td>SP</td><td>TP</td><td colspan="2">RATING<br/>F/S<br/>ISO</td><td>(AMPS)<br/>MCCB</td><td colspan="2">DUTY<br/>KA</td><td colspan="2">PVC/SWA/PVC<br/>XLPE/SWA/PVC</td><td colspan="2">2/3 4c<br/>mm^2</td><td>1c<br/>mm^2</td><td></td><td>R Ph<br/>kW</td><td></td><td>Y Ph<br/>kW</td><td>B Ph<br/>kW</td><td colspan="2">TCL<br/>KW</td><td></td><td colspan="2">1-PH3-PH3-PH<br/>(1) (2) (3)</td><td>CT<br/>(4)</td><td colspan="3">REMARKS</td></tr><tr><td colspan="2">INCOMER</td><td></td><td>TP</td><td></td><td></td><td>125A</td><td></td><td style="text-align: right">35</td><td></td><td>by</td><td>Dewa</td><td></td><td colspan="2">1X1C:35</td><td style="text-align: right">24.00</td><td></td><td style="text-align: right">24.00</td><td style="text-align: right">24.00</td><td style="text-align: right" colspan="3">72.00</td><td></td><td style="text-align: right">1</td><td></td><td>125A</td><td colspan="2">3PHASE</td></tr><tr><td colspan="2">OUTGOING:-</td><td></td><td colspan="3">125AATPN</td><td>ISOL.AS</td><td colspan="2">MAIN</td><td colspan="2">4C:70mm2</td><td colspan="2">XLPE/SWA/PVC</td><td colspan="3">+ 1C:35mm2 AS</td><td>ECC</td><td></td><td></td><td></td><td></td><td></td><td></td><td></td><td></td><td></td><td></td><td></td></tr><tr><td colspan="2">DB-1(G/F)</td><td></td><td>TP</td><td></td><td></td><td>100A</td><td></td><td style="text-align: right">25</td><td colspan="2">XLPE/SWA/PVC</td><td colspan="2">4C:35MM2</td><td colspan="2">1C:16MM2</td><td style="text-align: right">15500</td><td></td><td style="text-align: right">15500</td><td style="text-align: right">15500</td><td style="text-align: right" colspan="3">46.50</td><td></td><td></td><td></td><td colspan="3">(GROUND FLOOR)</td></tr><tr><td colspan="2">SPARE*</td><td></td><td>TP</td><td></td><td></td><td>63A</td><td></td><td style="text-align: right">25</td><td></td><td></td><td></td><td></td><td></td><td></td><td style="text-align: right">8500</td><td></td><td style="text-align: right">8500</td><td style="text-align: right">8500</td><td style="text-align: right" colspan="3">25.50</td><td></td><td></td><td></td><td>(FOR</td><td>FUTURE</td><td>USE)</td></tr><tr><td></td><td></td><td></td><td></td><td></td><td></td><td style="text-align: right">*</td><td>SPARE</td><td>LOAD</td><td colspan="2">SUBJECT TO</td><td colspan="2">DEWA`S</td><td colspan="3">PRIOR APPROVAL &amp;</td><td colspan="2">INSPECTION</td><td></td><td></td><td></td><td></td><td></td><td></td><td></td><td></td><td></td><td></td></tr><tr><td>MDB</td><td>CONNECTED</td><td>TO:-</td><td>DEWA</td><td>LV</td><td>DB/</td><td>TRANS.</td><td></td><td></td><td>TOTAL</td><td colspan="2">CONNECTED</td><td>LOAD</td><td colspan="3">PER PHASE: 24.00</td><td></td><td style="text-align: right">24.00</td><td style="text-align: right">24.00</td><td></td><td></td><td></td><td></td><td style="text-align: right">1</td><td></td><td></td><td></td><td></td></tr><tr><td></td><td></td><td></td><td></td><td></td><td></td><td></td><td></td><td></td><td></td><td>TOTAL</td><td colspan="2">CONNECTED</td><td colspan="2">LOAD (3PH)</td><td></td><td></td><td style="text-align: right">72.00</td><td>kw</td><td></td><td></td><td></td><td colspan="2">(1)=UPTO</td><td>60A</td><td>1PH</td><td></td><td></td></tr><tr><td></td><td></td><td></td><td></td><td></td><td></td><td></td><td></td><td></td><td></td><td colspan="2">DIVERSITY</td><td colspan="3">FACTOR APPLIED:</td><td></td><td></td><td style="text-align: right">0.85</td><td></td><td></td><td></td><td></td><td colspan="2">(2)=UPTO</td><td>100A</td><td>3PH</td><td></td><td></td></tr><tr><td></td><td></td><td></td><td></td><td></td><td></td><td></td><td></td><td></td><td></td><td></td><td></td><td></td><td></td><td></td><td></td><td></td><td></td><td></td><td></td><td></td><td></td><td colspan="3">(3)=125-160 3PH</td><td></td><td></td><td></td></tr><tr><td></td><td></td><td></td><td></td><td></td><td></td><td></td><td></td><td></td><td></td><td></td><td colspan="2">MAXIMUM</td><td>DEMAND:</td><td></td><td></td><td></td><td style="text-align: right">61.20</td><td>kw</td><td></td><td></td><td></td><td>(4)=LV</td><td>CT</td><td>METER</td><td colspan="2">200/5A</td><td>3PH</td></tr><tr><td>MEP</td><td colspan="3">CONTRACTOR:-</td><td></td><td></td><td></td><td></td><td></td><td></td><td></td><td></td><td></td><td></td><td></td><td></td><td></td><td></td><td></td><td></td><td></td><td></td><td></td><td></td><td></td><td></td><td>DATE:</td><td></td></tr><tr><td></td><td></td><td></td><td></td><td></td><td></td><td></td><td></td><td></td><td></td><td></td><td></td><td></td><td></td><td></td><td></td><td></td><td></td><td></td><td></td><td></td><td></td><td></td><td></td><td></td><td colspan="3">15-Jan-17</td></tr></table></page>
</document>
