<document page-count="1">
<page number="1">
<table data-filename="file.pdf" data-page="1" data-table="1"><tr><td colspan="30">MDB-V-138 Page 1</td></tr><tr><td colspan="30">SUMMARY SHEET</td></tr><tr><td></td><td></td><td></td><td></td><td></td><td></td><td></td><td></td><td></td><td></td><td></td><td></td><td></td><td></td><td colspan="3">MDB-V</td><td></td><td></td><td></td><td></td><td></td><td></td><td></td><td></td><td></td><td></td><td></td><td></td><td></td></tr><tr><td colspan="5">PLANNED COMPLETION DATE:-</td><td></td><td>DEC.</td><td style="text-align: right">2016</td><td></td><td colspan="2">DETAILS</td><td>OF</td><td colspan="3">CONNECTED</td><td>LOAD</td><td>/MAX</td><td>DEMAND</td><td></td><td>LOCATION</td><td>OF</td><td>MDB</td><td>:</td><td colspan="2">BOUNDRY</td><td colspan="2">WALL</td><td>(INSIDE</td><td>PLOT)</td><td></td></tr><tr><td colspan="2">PROJECT:-</td><td>VILLA</td><td colspan="2">GROUND</td><td colspan="2">ONLY.</td><td></td><td>OWNER:-</td><td></td><td>MR.</td><td style="text-align: right">.</td><td></td><td></td><td></td><td></td><td></td><td></td><td></td><td>AREA</td><td>:-</td><td></td><td></td><td>NAD</td><td>AL</td><td colspan="2">SHIBA</td><td style="text-align: right">4</td><td></td><td></td></tr><tr><td colspan="2">FED FROM:-</td><td></td><td></td><td colspan="3">KWHM</td><td></td><td colspan="2">CONSULTANT:-</td><td style="text-align: right">.</td><td></td><td></td><td></td><td></td><td></td><td></td><td></td><td></td><td>PLOT</td><td>:-</td><td></td><td></td><td style="text-align: right">.</td><td></td><td></td><td></td><td></td><td></td><td></td></tr><tr><td colspan="2">CIRCUIT/</td><td></td><td colspan="2">CIRCUIT</td><td colspan="2">PROTECTION</td><td>FAULT</td><td>CABLE</td><td>TYPE</td><td colspan="2">CABLE</td><td>SIZE</td><td></td><td>ECC</td><td></td><td></td><td>CONNECTED</td><td>LOAD</td><td></td><td></td><td></td><td></td><td></td><td></td><td></td><td colspan="2">kWHr</td><td>METER</td><td></td></tr><tr><td colspan="2">FEEDER/<br/>DB No.</td><td>SP</td><td>TP</td><td colspan="2">RATING<br/>F/S<br/>ISO</td><td>(AMPS)<br/>MCCB</td><td>DUTY<br/>KA</td><td colspan="2">PVC/SWA/PVC<br/>XLPE/SWA/PVC</td><td colspan="3">2/3 4c<br/>mm^2</td><td></td><td>1c<br/>mm^2</td><td></td><td colspan="2">R Ph<br/>kW</td><td>Y Ph<br/>kW</td><td>B Ph<br/>kW</td><td></td><td>TCL<br/>KW</td><td></td><td colspan="2">1-PH 3-PH3-PH<br/>(1) (2) (3)</td><td colspan="2">CT<br/>(4)</td><td></td><td colspan="2">REMARKS</td></tr><tr><td colspan="2">INCOMER</td><td></td><td>TP</td><td></td><td></td><td>200A</td><td style="text-align: right">35</td><td></td><td>by</td><td>Dewa</td><td></td><td></td><td></td><td colspan="2">2X1C:50</td><td style="text-align: right" colspan="2">58.93</td><td style="text-align: right">58.83</td><td style="text-align: right">59.83</td><td style="text-align: right" colspan="3">177.59</td><td></td><td></td><td></td><td style="text-align: right">1</td><td colspan="2">200/5A<br/>300/5A</td><td>C.T</td></tr><tr><td colspan="2">OUTGOING:-</td><td></td><td colspan="2">200ATPN</td><td></td><td>ISOL.AS</td><td>MAIN</td><td>4C:95mm2</td><td colspan="4">XLPE/SWA/PVC</td><td style="text-align: right">+</td><td colspan="2">1C:50mm2</td><td>AS</td><td>ECC</td><td></td><td></td><td></td><td></td><td></td><td></td><td></td><td></td><td></td><td></td><td></td><td></td></tr><tr><td colspan="2">DB-1(G/F)</td><td></td><td>TP</td><td></td><td></td><td>100A</td><td style="text-align: right">25</td><td colspan="2">XLPE/SWA/PVC</td><td colspan="3">4C:35MM2</td><td colspan="3">1C:16MM2</td><td style="text-align: right" colspan="2">14550</td><td style="text-align: right">15150</td><td style="text-align: right">14250</td><td style="text-align: right" colspan="3">43.95</td><td></td><td></td><td></td><td></td><td>(AT</td><td>GROUND</td><td>FLOOR)</td></tr><tr><td colspan="2">DB-2(A/C)</td><td></td><td>TP</td><td></td><td></td><td>80A</td><td style="text-align: right">25</td><td colspan="2">XLPE/SWA/PVC</td><td colspan="3">4C:25MM2</td><td colspan="3">1C:16MM2</td><td style="text-align: right" colspan="2">11000</td><td style="text-align: right">11000</td><td style="text-align: right">10600</td><td style="text-align: right" colspan="3">32.60</td><td></td><td></td><td></td><td></td><td>(AT</td><td>FIRST</td><td>FLOOR)</td></tr><tr><td colspan="2">SPARE*</td><td></td><td>TP</td><td></td><td></td><td>63A</td><td style="text-align: right">25</td><td></td><td></td><td></td><td></td><td></td><td></td><td></td><td></td><td style="text-align: right" colspan="2">10000</td><td style="text-align: right">10000</td><td style="text-align: right">10000</td><td style="text-align: right" colspan="3">30.00</td><td></td><td></td><td></td><td></td><td>(FOR</td><td>FUTURE</td><td>USE)</td></tr><tr><td></td><td></td><td></td><td></td><td></td><td></td><td></td><td></td><td></td><td></td><td>(P.F</td><td colspan="2">METER)</td><td></td><td></td><td></td><td></td><td></td><td></td><td></td><td></td><td></td><td></td><td></td><td></td><td></td><td></td><td></td><td></td><td></td></tr><tr><td></td><td></td><td></td><td></td><td></td><td></td><td colspan="12">* SPARE LOAD SUBJECT TO DEWA`S PRIOR APPROVAL &amp; INSPECTION</td><td></td><td></td><td></td><td></td><td></td><td></td><td></td><td></td><td></td><td></td><td></td><td></td></tr><tr><td>MDB</td><td>CONNECTED</td><td>TO:-</td><td>DEWA</td><td>LV</td><td>DB/</td><td>TRANS.</td><td></td><td>TOTAL</td><td colspan="2">CONNECTED</td><td>LOAD</td><td colspan="2">PER</td><td colspan="4">PHASE: 35.55</td><td style="text-align: right">36.15</td><td style="text-align: right">34.85</td><td></td><td></td><td></td><td></td><td></td><td></td><td style="text-align: right">1</td><td></td><td></td><td></td></tr><tr><td></td><td></td><td></td><td></td><td></td><td></td><td></td><td></td><td></td><td>TOTAL</td><td colspan="3">CONNECTED</td><td colspan="4">LOAD (3PH)</td><td></td><td style="text-align: right">106.55</td><td>kw</td><td></td><td></td><td></td><td colspan="2">(1)=UPTO</td><td colspan="2">60A</td><td>1PH</td><td></td><td></td></tr><tr><td></td><td></td><td></td><td></td><td></td><td></td><td></td><td></td><td></td><td colspan="3">DIVERSITY</td><td colspan="4">FACTOR APPLIED:</td><td></td><td></td><td style="text-align: right">0.85</td><td></td><td></td><td></td><td></td><td colspan="2">(2)=UPTO</td><td colspan="3">100A 3PH</td><td></td><td></td></tr><tr><td></td><td></td><td></td><td></td><td></td><td></td><td></td><td></td><td></td><td></td><td></td><td></td><td></td><td></td><td></td><td></td><td></td><td></td><td></td><td></td><td></td><td></td><td></td><td colspan="4">(3)=125-160</td><td>3PH</td><td></td><td></td></tr><tr><td></td><td></td><td></td><td></td><td></td><td></td><td></td><td></td><td></td><td></td><td colspan="2">MAXIMUM</td><td colspan="3">DEMAND:</td><td></td><td></td><td></td><td style="text-align: right">90.57</td><td>kw</td><td></td><td></td><td></td><td colspan="2">(4)=LV</td><td>CT</td><td colspan="2">METER</td><td>/5A</td><td>3PH</td></tr><tr><td>MEP</td><td colspan="3">CONTRACTOR:-</td><td style="text-align: right">.</td><td></td><td></td><td></td><td></td><td></td><td></td><td></td><td></td><td></td><td></td><td></td><td></td><td></td><td></td><td></td><td></td><td></td><td></td><td></td><td></td><td></td><td></td><td></td><td>DATE:</td><td></td></tr><tr><td></td><td></td><td></td><td></td><td></td><td></td><td></td><td></td><td></td><td></td><td></td><td></td><td></td><td></td><td></td><td></td><td></td><td></td><td></td><td></td><td></td><td></td><td></td><td></td><td></td><td></td><td></td><td></td><td colspan="2">18-May-16</td></tr></table></page>
</document>
