RUN_ID,DOC_ID,TASKS,PARAM,VALUE
1,1_125,NOC,LOCATION OF MDB: ,BOUNDRY WALL (INSIDE
1,1_125,NOC,OWNER:-,MR.
1,1_125,NOC,AREA,NAD AL SHIBA
1,1_125,NOC,PLOT,
1,1_125,NOC,INCOMER ECC,
1,1_125,NOC,OUTGOING:- spare,+
1,1_125,NOC,DB-1(G/F) MCCB  ,100A
1,1_125,NOC,DB-1(G/F) FAULT DUTY  ,XLPE/SWA/PVC
1,1_125,NOC,DB-1(G/F) CABLE TYPE  ,4C:35MM2
1,1_125,NOC,DB-1(G/F) ECC  ,14550
1,1_125,NOC,Outgoing SPARE* MCCB  ,63A
1,1_125,NOC,Outgoing SPARE* FAULT DUTY  ,
1,1_125,NOC,Outgoing SPARE* CABLE TYPE  ,
1,1_125,NOC,Outgoing SPARE* CABLE SIZE  ,
1,1_125,NOC,Outgoing SPARE* ECC  ,10000
1,1_125,NOC,Outgoing SPARE* R  ,10000
1,1_125,NOC,Outgoing SPARE* Y  ,10000
1,1_125,NOC,Outgoing SPARE* B  ,30.00
1,1_125,NOC,Outgoing SPARE* TOTAL  ,
1,1_125,NOC,TOTAL CONNECTED PHASE: 35.55,36.15
1,1_125,NOC,TOTAL CONNECTED 106.55,kw
1,1_125,NOC,DIVERSITY FACTOR APPLIED:,0.85
1,1_125,NOC,MAXIMUM DEMAND: ,90.57
