RUN_ID,DOC_ID,TASKS,PARAM,VALUE
1,1_125,NOC,LOCATION OF MDB: ,BOUNDRY WALL (INSIDE PLOT)
1,1_125,NOC,OWNER:-,.
1,1_125,NOC,AREA,AL KHWANEEJ 2 
1,1_125,NOC,PLOT,
1,1_125,NOC,INCOMER ECC,1X1C:35
1,1_125,NOC,OUTGOING:- spare,ECC
1,1_125,NOC,DB-1(G/F) MCCB  ,100A
1,1_125,NOC,DB-1(G/F) FAULT DUTY  ,25
1,1_125,NOC,DB-1(G/F) CABLE TYPE  ,XLPE/SWA/PVC
1,1_125,NOC,DB-1(G/F) ECC  ,1C:16MM2
1,1_125,NOC,Outgoing SPARE* MCCB  ,63A
1,1_125,NOC,Outgoing SPARE* FAULT DUTY  ,25
1,1_125,NOC,Outgoing SPARE* CABLE TYPE  ,
1,1_125,NOC,Outgoing SPARE* CABLE SIZE  ,
1,1_125,NOC,Outgoing SPARE* ECC  ,
1,1_125,NOC,Outgoing SPARE* R  ,8500
1,1_125,NOC,Outgoing SPARE* Y  ,8500
1,1_125,NOC,Outgoing SPARE* B  ,25.50
1,1_125,NOC,Outgoing SPARE* TOTAL  ,
1,1_125,NOC,TOTAL CONNECTED ,24.00
1,1_125,NOC,TOTAL CONNECTED ,72.00
1,1_125,NOC,DIVERSITY FACTOR APPLIED:,0.85
1,1_125,NOC,MAXIMUM DEMAND: ,61.20
RUN_ID,DOC_ID,TASKS,PARAM,VALUE
1,1_125,NOC,LOCATION OF MDB: ,BOUNDRY WALL (INSIDE PLOT)
1,1_125,NOC,OWNER:-,.
1,1_125,NOC,AREA,AL KHWANEEJ 2 
1,1_125,NOC,PLOT,
1,1_125,NOC,INCOMER ECC,1X1C:35
1,1_125,NOC,OUTGOING:- spare,ECC
1,1_125,NOC,DB-1(G/F) MCCB  ,100A
1,1_125,NOC,DB-1(G/F) FAULT DUTY  ,25
1,1_125,NOC,DB-1(G/F) CABLE TYPE  ,XLPE/SWA/PVC
1,1_125,NOC,DB-1(G/F) ECC  ,1C:16MM2
1,1_125,NOC,Outgoing SPARE* MCCB  ,63A
1,1_125,NOC,Outgoing SPARE* FAULT DUTY  ,25
1,1_125,NOC,Outgoing SPARE* CABLE TYPE  ,
1,1_125,NOC,Outgoing SPARE* CABLE SIZE  ,
1,1_125,NOC,Outgoing SPARE* ECC  ,
1,1_125,NOC,Outgoing SPARE* R  ,8500
1,1_125,NOC,Outgoing SPARE* Y  ,8500
1,1_125,NOC,Outgoing SPARE* B  ,25.50
1,1_125,NOC,Outgoing SPARE* TOTAL  ,
1,1_125,NOC,TOTAL CONNECTED ,24.00
1,1_125,NOC,TOTAL CONNECTED ,72.00
1,1_125,NOC,DIVERSITY FACTOR APPLIED:,0.85
1,1_125,NOC,MAXIMUM DEMAND: ,61.20
